study_id	year	population	phenotype	n	rsid	chr	pos	ea	nea	maf	beta	pve_pct	cadd	regulomedb	gene	function	p	source_threshold	source_claimed_genomewide	skeletal_muscle_eqtl_reported	source_url
Gu_2026_JCSM	2026	Chinese Han young adults	Delta LBM percentage after 12-week resistance training	187	rs10212396	3	77476889	C	T	0.2748	-1.641	7.59	20.7	2a	ROBO2	Intronic	8.20e-6	5e-8	1	0	https://pmc.ncbi.nlm.nih.gov/articles/PMC13371584/
Gu_2026_JCSM	2026	Chinese Han young adults	Delta LBM percentage after 12-week resistance training	187	rs12519717	5	16984504	A	G	0.1577	2.332	6.97	1.675	5	RNU6-660P	Intergenic	8.71e-6	5e-8	1	0	https://pmc.ncbi.nlm.nih.gov/articles/PMC13371584/
Gu_2026_JCSM	2026	Chinese Han young adults	Delta LBM percentage after 12-week resistance training	187	rs12055037	5	141815823	G	A	0.1121	2.823	6.77	0.072	6	AC005592.2	ncRNA_intronic	4.27e-6	5e-8	1	0	https://pmc.ncbi.nlm.nih.gov/articles/PMC13371584/
Gu_2026_JCSM	2026	Chinese Han young adults	Delta LBM percentage after 12-week resistance training	187	rs2131183	8	18664444	C	G	0.1944	2.177	3.99	0.925	7	PSD3	Intronic	1.71e-6	5e-8	1	0	https://pmc.ncbi.nlm.nih.gov/articles/PMC13371584/
Gu_2026_JCSM	2026	Chinese Han young adults	Delta LBM percentage after 12-week resistance training	187	rs75968146	8	39244466	A	C	0.07738	3.039	4.21	6.136	7	ADAM5	ncRNA_intronic	6.71e-6	5e-8	1	0	https://pmc.ncbi.nlm.nih.gov/articles/PMC13371584/
Gu_2026_JCSM	2026	Chinese Han young adults	Delta LBM percentage after 12-week resistance training	187	rs4370982	12	20988657	C	G	0.08433	3.408	2.98	5.331	7	SLCO1B3	Intronic	2.10e-6	5e-8	1	0	https://pmc.ncbi.nlm.nih.gov/articles/PMC13371584/
Gu_2026_JCSM	2026	Chinese Han young adults	Delta LBM percentage after 12-week resistance training	187	rs74038095	15	91715408	A	C	0.05952	3.447	1.53	3.776	5	SV2B	Intronic	1.18e-6	5e-8	1	1	https://pmc.ncbi.nlm.nih.gov/articles/PMC13371584/
Gu_2026_JCSM	2026	Chinese Han young adults	Delta LBM percentage after 12-week resistance training	187	rs73966436	18	20635776	C	T	0.05655	3.543	5.71	0.058	5	RBBP8	Intergenic	2.06e-6	5e-8	1	0	https://pmc.ncbi.nlm.nih.gov/articles/PMC13371584/
Gu_2026_JCSM	2026	Chinese Han young adults	Delta LBM percentage after 12-week resistance training	187	rs12625907	20	13163445	A	G	0.2183	2.306	3.67	0.175	6	SPTLC3;ISM1	Intergenic	9.28e-7	5e-8	1	0	https://pmc.ncbi.nlm.nih.gov/articles/PMC13371584/
